character,alternate_form,pose_or_asset,path
adrian,,crouch_MISSING,assets/sprites/adrian/adrian_crouch_MISSING.txt
adrian,,guard,assets/sprites/adrian/adrian_guard.png
adrian,,head_card,assets/head_cards/adrian/default/Adrian_Character_Card.png
adrian,,heavy,assets/sprites/adrian/adrian_heavy.png
adrian,,hurt_MISSING,assets/sprites/adrian/adrian_hurt_MISSING.txt
adrian,,idle,assets/sprites/adrian/adrian_idle.png
adrian,,jump,assets/sprites/adrian/adrian_jump.png
adrian,,ko_MISSING,assets/sprites/adrian/adrian_ko_MISSING.txt
adrian,,light,assets/sprites/adrian/adrian_light.png
adrian,,select_card,assets/select_cards/adrian_select.png
adrian,,special,assets/sprites/adrian/adrian_special.png
adrian,,walk_back_MISSING,assets/sprites/adrian/adrian_walk_back_MISSING.txt
adrian,,walk_forward_MISSING,assets/sprites/adrian/adrian_walk_forward_MISSING.txt
akila,,crouch_MISSING,assets/sprites/akila/akila_crouch_MISSING.txt
akila,,guard,assets/sprites/akila/akila_guard.png
akila,,head_card,assets/head_cards/akila/default/Akila_Character_Card.png
akila,,heavy,assets/sprites/akila/akila_heavy.png
akila,,hurt_MISSING,assets/sprites/akila/akila_hurt_MISSING.txt
akila,,idle,assets/sprites/akila/akila_idle.png
akila,,jump,assets/sprites/akila/akila_jump.png
akila,,ko_MISSING,assets/sprites/akila/akila_ko_MISSING.txt
akila,,light,assets/sprites/akila/akila_light.png
akila,,select_card,assets/select_cards/akila_select.png
akila,,special,assets/sprites/akila/akila_special.png
akila,,walk_back_MISSING,assets/sprites/akila/akila_walk_back_MISSING.txt
akila,,walk_forward_MISSING,assets/sprites/akila/akila_walk_forward_MISSING.txt
akira,,crouch_MISSING,assets/sprites/akira/akira_crouch_MISSING.txt
akira,,guard,assets/sprites/akira/akira_guard.png
akira,,head_card,assets/head_cards/akira/default/Akira_Character_Card.png
akira,,heavy,assets/sprites/akira/akira_heavy.png
akira,,hurt_MISSING,assets/sprites/akira/akira_hurt_MISSING.txt
akira,,idle,assets/sprites/akira/akira_idle.png
akira,,jump,assets/sprites/akira/akira_jump.png
akira,,ko_MISSING,assets/sprites/akira/akira_ko_MISSING.txt
akira,,light,assets/sprites/akira/akira_light.png
akira,,select_card,assets/select_cards/akira_select.png
akira,,special,assets/sprites/akira/akira_special.png
akira,,walk_back_MISSING,assets/sprites/akira/akira_walk_back_MISSING.txt
akira,,walk_forward_MISSING,assets/sprites/akira/akira_walk_forward_MISSING.txt
awar,,crouch_MISSING,assets/sprites/awar/awar_crouch_MISSING.txt
awar,,guard,assets/sprites/awar/awar_guard.png
awar,,heavy,assets/sprites/awar/awar_heavy.png
awar,,hurt_MISSING,assets/sprites/awar/awar_hurt_MISSING.txt
awar,,idle,assets/sprites/awar/awar_idle.png
awar,,jump,assets/sprites/awar/awar_jump.png
awar,,ko_MISSING,assets/sprites/awar/awar_ko_MISSING.txt
awar,,light,assets/sprites/awar/awar_light.png
awar,,select_card,assets/select_cards/awar_select.png
awar,,special,assets/sprites/awar/awar_special.png
awar,,walk_back_MISSING,assets/sprites/awar/awar_walk_back_MISSING.txt
awar,,walk_forward_MISSING,assets/sprites/awar/awar_walk_forward_MISSING.txt
awar_aries,,head_card,assets/head_cards/awar_aries/default/Awar_Aries_Character_Card.png
awar_aries,,select_card,assets/select_cards/awar_aries_select.png
baburu,,crouch_MISSING,assets/sprites/baburu/baburu_crouch_MISSING.txt
baburu,,guard,assets/sprites/baburu/baburu_guard.png
baburu,,head_card,assets/head_cards/baburu/default/Baburu_Character_Card.png
baburu,,heavy,assets/sprites/baburu/baburu_heavy.png
baburu,,hurt_MISSING,assets/sprites/baburu/baburu_hurt_MISSING.txt
baburu,,idle,assets/sprites/baburu/baburu_idle.png
baburu,,jump,assets/sprites/baburu/baburu_jump.png
baburu,,ko_MISSING,assets/sprites/baburu/baburu_ko_MISSING.txt
baburu,,light,assets/sprites/baburu/baburu_light.png
baburu,,select_card,assets/select_cards/baburu_select.png
baburu,,special,assets/sprites/baburu/baburu_special.png
baburu,,walk_back_MISSING,assets/sprites/baburu/baburu_walk_back_MISSING.txt
baburu,,walk_forward_MISSING,assets/sprites/baburu/baburu_walk_forward_MISSING.txt
daisuke,,crouch_MISSING,assets/sprites/daisuke/daisuke_crouch_MISSING.txt
daisuke,,guard_MISSING,assets/sprites/daisuke/daisuke_guard_MISSING.txt
daisuke,,head_card,assets/head_cards/daisuke/default/Daisuke_Character_Card.png
daisuke,,heavy_MISSING,assets/sprites/daisuke/daisuke_heavy_MISSING.txt
daisuke,,hurt_MISSING,assets/sprites/daisuke/daisuke_hurt_MISSING.txt
daisuke,,idle,assets/sprites/daisuke/daisuke_idle.png
daisuke,,jump_MISSING,assets/sprites/daisuke/daisuke_jump_MISSING.txt
daisuke,,ko_MISSING,assets/sprites/daisuke/daisuke_ko_MISSING.txt
daisuke,,light,assets/sprites/daisuke/daisuke_light.png
daisuke,,select_card,assets/select_cards/daisuke_select.png
daisuke,,special_MISSING,assets/sprites/daisuke/daisuke_special_MISSING.txt
daisuke,,walk_back_MISSING,assets/sprites/daisuke/daisuke_walk_back_MISSING.txt
daisuke,,walk_forward_MISSING,assets/sprites/daisuke/daisuke_walk_forward_MISSING.txt
dammo,,head_card,assets/head_cards/dammo/default/Dammo_Character_Card.png
dammo,,select_card,assets/select_cards/dammo_select.png
danpen,,crouch_MISSING,assets/sprites/danpen/danpen_crouch_MISSING.txt
danpen,,guard,assets/sprites/danpen/danpen_guard.png
danpen,,heavy,assets/sprites/danpen/danpen_heavy.png
danpen,,hurt_MISSING,assets/sprites/danpen/danpen_hurt_MISSING.txt
danpen,,idle,assets/sprites/danpen/danpen_idle.png
danpen,,jump,assets/sprites/danpen/danpen_jump.png
danpen,,ko_MISSING,assets/sprites/danpen/danpen_ko_MISSING.txt
danpen,,light,assets/sprites/danpen/danpen_light.png
danpen,,special,assets/sprites/danpen/danpen_special.png
danpen,,walk_back_MISSING,assets/sprites/danpen/danpen_walk_back_MISSING.txt
danpen,,walk_forward_MISSING,assets/sprites/danpen/danpen_walk_forward_MISSING.txt
danpen,duo,guard,assets/sprites/danpen/duo/danpen_duo_guard.png
danpen,duo,heavy,assets/sprites/danpen/duo/danpen_duo_heavy.png
danpen,duo,hurt,assets/sprites/danpen/duo/danpen_duo_hurt.png
danpen,duo,idle,assets/sprites/danpen/duo/danpen_duo_idle.png
danpen,duo,jump,assets/sprites/danpen/duo/danpen_duo_jump.png
danpen,duo,light,assets/sprites/danpen/duo/danpen_duo_light.png
danpen,duo,special,assets/sprites/danpen/duo/danpen_duo_special.png
danpen,shikake,crouch,assets/sprites/danpen/shikake/danpen_shikake_crouch.png
danpen,shikake,head_card,assets/head_cards/danpen/shikake/Danpen_Shikake_Character_Card.png
danpen,shikake,hurt,assets/sprites/danpen/shikake/danpen_shikake_hurt.png
danpen,shikake,idle,assets/sprites/danpen/shikake/danpen_shikake_idle.png
danpen,shikake,jump,assets/sprites/danpen/shikake/danpen_shikake_jump.png
danpen,shikake,ko,assets/sprites/danpen/shikake/danpen_shikake_ko.png
danpen,shikake,run,assets/sprites/danpen/shikake/danpen_shikake_run.png
danpen,shikake,special,assets/sprites/danpen/shikake/danpen_shikake_special.png
danpen,shikake,walk_back,assets/sprites/danpen/shikake/danpen_shikake_walk_back.png
danpen,shikake,walk_forward,assets/sprites/danpen/shikake/danpen_shikake_walk_forward.png
danpen,tokei,head_card,assets/head_cards/danpen/tokei/Danpen_Tokei_Character_Card.png
danpen,toukei,crouch,assets/sprites/danpen/toukei/danpen_toukei_crouch.png
danpen,toukei,head_card,assets/head_cards/danpen/toukei/Danpen_Tokei_Character_Card.png
danpen,toukei,hurt,assets/sprites/danpen/toukei/danpen_toukei_hurt.png
danpen,toukei,idle,assets/sprites/danpen/toukei/danpen_toukei_idle.png
danpen,toukei,jump,assets/sprites/danpen/toukei/danpen_toukei_jump.png
danpen,toukei,ko,assets/sprites/danpen/toukei/danpen_toukei_ko.png
danpen,toukei,run,assets/sprites/danpen/toukei/danpen_toukei_run.png
danpen,toukei,special,assets/sprites/danpen/toukei/danpen_toukei_special.png
danpen,toukei,walk_forward,assets/sprites/danpen/toukei/danpen_toukei_walk_forward.png
danpen_shikake,,select_card,assets/select_cards/danpen_shikake_select.png
danpen_tokei,,select_card,assets/select_cards/danpen_tokei_select.png
danpen_toukei,,select_card,assets/select_cards/danpen_toukei_select.png
dante,,crouch_MISSING,assets/sprites/dante/dante_crouch_MISSING.txt
dante,,guard,assets/sprites/dante/dante_guard.png
dante,,heavy,assets/sprites/dante/dante_heavy.png
dante,,hurt_MISSING,assets/sprites/dante/dante_hurt_MISSING.txt
dante,,idle,assets/sprites/dante/dante_idle.png
dante,,jump,assets/sprites/dante/dante_jump.png
dante,,ko_MISSING,assets/sprites/dante/dante_ko_MISSING.txt
dante,,light,assets/sprites/dante/dante_light.png
dante,,select_card,assets/select_cards/dante_select.png
dante,,special,assets/sprites/dante/dante_special.png
dante,,walk_back_MISSING,assets/sprites/dante/dante_walk_back_MISSING.txt
dante,,walk_forward_MISSING,assets/sprites/dante/dante_walk_forward_MISSING.txt
dante_aries,,head_card,assets/head_cards/dante_aries/default/Dante_Aries_Character_Card.png
dante_aries,,select_card,assets/select_cards/dante_aries_select.png
diastre,,crouch_MISSING,assets/sprites/diastre/diastre_crouch_MISSING.txt
diastre,,guard,assets/sprites/diastre/diastre_guard.png
diastre,,head_card,assets/head_cards/diastre/default/Diastre_Character_Card.png
diastre,,heavy,assets/sprites/diastre/diastre_heavy.png
diastre,,hurt_MISSING,assets/sprites/diastre/diastre_hurt_MISSING.txt
diastre,,idle,assets/sprites/diastre/diastre_idle.png
diastre,,jump,assets/sprites/diastre/diastre_jump.png
diastre,,ko_MISSING,assets/sprites/diastre/diastre_ko_MISSING.txt
diastre,,light,assets/sprites/diastre/diastre_light.png
diastre,,select_card,assets/select_cards/diastre_select.png
diastre,,special,assets/sprites/diastre/diastre_special.png
diastre,,walk_back_MISSING,assets/sprites/diastre/diastre_walk_back_MISSING.txt
diastre,,walk_forward_MISSING,assets/sprites/diastre/diastre_walk_forward_MISSING.txt
diego,,crouch_MISSING,assets/sprites/diego/diego_crouch_MISSING.txt
diego,,guard,assets/sprites/diego/diego_guard.png
diego,,head_card,assets/head_cards/diego/default/Diego_Character_Card.png
diego,,heavy,assets/sprites/diego/diego_heavy.png
diego,,hurt_MISSING,assets/sprites/diego/diego_hurt_MISSING.txt
diego,,idle,assets/sprites/diego/diego_idle.png
diego,,jump,assets/sprites/diego/diego_jump.png
diego,,ko_MISSING,assets/sprites/diego/diego_ko_MISSING.txt
diego,,light,assets/sprites/diego/diego_light.png
diego,,select_card,assets/select_cards/diego_select.png
diego,,special,assets/sprites/diego/diego_special.png
diego,,walk_back_MISSING,assets/sprites/diego/diego_walk_back_MISSING.txt
diego,,walk_forward_MISSING,assets/sprites/diego/diego_walk_forward_MISSING.txt
esther,,crouch_MISSING,assets/sprites/esther/esther_crouch_MISSING.txt
esther,,guard,assets/sprites/esther/esther_guard.png
esther,,head_card,assets/head_cards/esther/default/Esther_Character_Card.png
esther,,heavy,assets/sprites/esther/esther_heavy.png
esther,,hurt_MISSING,assets/sprites/esther/esther_hurt_MISSING.txt
esther,,idle,assets/sprites/esther/esther_idle.png
esther,,jump,assets/sprites/esther/esther_jump.png
esther,,ko_MISSING,assets/sprites/esther/esther_ko_MISSING.txt
esther,,light,assets/sprites/esther/esther_light.png
esther,,select_card,assets/select_cards/esther_select.png
esther,,special,assets/sprites/esther/esther_special.png
esther,,walk_back_MISSING,assets/sprites/esther/esther_walk_back_MISSING.txt
esther,,walk_forward_MISSING,assets/sprites/esther/esther_walk_forward_MISSING.txt
goro,,crouch_MISSING,assets/sprites/goro/goro_crouch_MISSING.txt
goro,,guard,assets/sprites/goro/goro_guard.png
goro,,head_card,assets/head_cards/goro/default/Goro_Character_Card.png
goro,,heavy,assets/sprites/goro/goro_heavy.png
goro,,hurt_MISSING,assets/sprites/goro/goro_hurt_MISSING.txt
goro,,idle,assets/sprites/goro/goro_idle.png
goro,,jump,assets/sprites/goro/goro_jump.png
goro,,ko_MISSING,assets/sprites/goro/goro_ko_MISSING.txt
goro,,light,assets/sprites/goro/goro_light.png
goro,,select_card,assets/select_cards/goro_select.png
goro,,special,assets/sprites/goro/goro_special.png
goro,,walk_back_MISSING,assets/sprites/goro/goro_walk_back_MISSING.txt
goro,,walk_forward_MISSING,assets/sprites/goro/goro_walk_forward_MISSING.txt
machai,,crouch_MISSING,assets/sprites/machai/machai_crouch_MISSING.txt
machai,,guard,assets/sprites/machai/machai_guard.png
machai,,head_card,assets/head_cards/machai/default/Machai_Character_Card.png
machai,,heavy,assets/sprites/machai/machai_heavy.png
machai,,hurt_MISSING,assets/sprites/machai/machai_hurt_MISSING.txt
machai,,idle,assets/sprites/machai/machai_idle.png
machai,,jump,assets/sprites/machai/machai_jump.png
machai,,ko_MISSING,assets/sprites/machai/machai_ko_MISSING.txt
machai,,light,assets/sprites/machai/machai_light.png
machai,,select_card,assets/select_cards/machai_select.png
machai,,special,assets/sprites/machai/machai_special.png
machai,,walk_back_MISSING,assets/sprites/machai/machai_walk_back_MISSING.txt
machai,,walk_forward_MISSING,assets/sprites/machai/machai_walk_forward_MISSING.txt
machi,,head_card,assets/head_cards/machi/default/Machi_Character_Card.png
machi,,select_card,assets/select_cards/machi_select.png
mahje,,crouch_MISSING,assets/sprites/mahje/mahje_crouch_MISSING.txt
mahje,,guard,assets/sprites/mahje/mahje_guard.png
mahje,,head_card,assets/head_cards/mahje/default/Mahje_Character_Card.png
mahje,,heavy,assets/sprites/mahje/mahje_heavy.png
mahje,,hurt_MISSING,assets/sprites/mahje/mahje_hurt_MISSING.txt
mahje,,idle,assets/sprites/mahje/mahje_idle.png
mahje,,jump,assets/sprites/mahje/mahje_jump.png
mahje,,ko_MISSING,assets/sprites/mahje/mahje_ko_MISSING.txt
mahje,,light,assets/sprites/mahje/mahje_light.png
mahje,,select_card,assets/select_cards/mahje_select.png
mahje,,special,assets/sprites/mahje/mahje_special.png
mahje,,walk_back_MISSING,assets/sprites/mahje/mahje_walk_back_MISSING.txt
mahje,,walk_forward_MISSING,assets/sprites/mahje/mahje_walk_forward_MISSING.txt
malachai,,crouch_MISSING,assets/sprites/malachai/malachai_crouch_MISSING.txt
malachai,,guard,assets/sprites/malachai/malachai_guard.png
malachai,,head_card,assets/head_cards/malachai/default/Malachai_Character_Card.png
malachai,,heavy,assets/sprites/malachai/malachai_heavy.png
malachai,,hurt_MISSING,assets/sprites/malachai/malachai_hurt_MISSING.txt
malachai,,idle,assets/sprites/malachai/malachai_idle.png
malachai,,jump,assets/sprites/malachai/malachai_jump.png
malachai,,ko_MISSING,assets/sprites/malachai/malachai_ko_MISSING.txt
malachai,,light,assets/sprites/malachai/malachai_light.png
malachai,,select_card,assets/select_cards/malachai_select.png
malachai,,special,assets/sprites/malachai/malachai_special.png
malachai,,walk_back_MISSING,assets/sprites/malachai/malachai_walk_back_MISSING.txt
malachai,,walk_forward_MISSING,assets/sprites/malachai/malachai_walk_forward_MISSING.txt
mammon,,crouch_MISSING,assets/sprites/mammon/mammon_crouch_MISSING.txt
mammon,,guard,assets/sprites/mammon/mammon_guard.png
mammon,,head_card,assets/head_cards/mammon/default/Mammon_Character_Card.png
mammon,,heavy,assets/sprites/mammon/mammon_heavy.png
mammon,,hurt_MISSING,assets/sprites/mammon/mammon_hurt_MISSING.txt
mammon,,idle,assets/sprites/mammon/mammon_idle.png
mammon,,jump,assets/sprites/mammon/mammon_jump.png
mammon,,ko_MISSING,assets/sprites/mammon/mammon_ko_MISSING.txt
mammon,,light,assets/sprites/mammon/mammon_light.png
mammon,,select_card,assets/select_cards/mammon_select.png
mammon,,special,assets/sprites/mammon/mammon_special.png
mammon,,walk_back_MISSING,assets/sprites/mammon/mammon_walk_back_MISSING.txt
mammon,,walk_forward_MISSING,assets/sprites/mammon/mammon_walk_forward_MISSING.txt
mani,,crouch_MISSING,assets/sprites/mani/mani_crouch_MISSING.txt
mani,,guard,assets/sprites/mani/mani_guard.png
mani,,head_card,assets/head_cards/mani/default/Mani_Character_Card.png
mani,,heavy,assets/sprites/mani/mani_heavy.png
mani,,hurt_MISSING,assets/sprites/mani/mani_hurt_MISSING.txt
mani,,idle,assets/sprites/mani/mani_idle.png
mani,,jump,assets/sprites/mani/mani_jump.png
mani,,ko_MISSING,assets/sprites/mani/mani_ko_MISSING.txt
mani,,light,assets/sprites/mani/mani_light.png
mani,,select_card,assets/select_cards/mani_select.png
mani,,special,assets/sprites/mani/mani_special.png
mani,,walk_back_MISSING,assets/sprites/mani/mani_walk_back_MISSING.txt
mani,,walk_forward_MISSING,assets/sprites/mani/mani_walk_forward_MISSING.txt
michelle,,crouch_MISSING,assets/sprites/michelle/michelle_crouch_MISSING.txt
michelle,,guard,assets/sprites/michelle/michelle_guard.png
michelle,,head_card,assets/head_cards/michelle/default/Michelle_Character_Card.png
michelle,,heavy,assets/sprites/michelle/michelle_heavy.png
michelle,,hurt_MISSING,assets/sprites/michelle/michelle_hurt_MISSING.txt
michelle,,idle,assets/sprites/michelle/michelle_idle.png
michelle,,jump,assets/sprites/michelle/michelle_jump.png
michelle,,ko_MISSING,assets/sprites/michelle/michelle_ko_MISSING.txt
michelle,,light,assets/sprites/michelle/michelle_light.png
michelle,,select_card,assets/select_cards/michelle_select.png
michelle,,special,assets/sprites/michelle/michelle_special.png
michelle,,walk_back_MISSING,assets/sprites/michelle/michelle_walk_back_MISSING.txt
michelle,,walk_forward_MISSING,assets/sprites/michelle/michelle_walk_forward_MISSING.txt
miwa,,crouch_MISSING,assets/sprites/miwa/miwa_crouch_MISSING.txt
miwa,,guard,assets/sprites/miwa/miwa_guard.png
miwa,,head_card,assets/head_cards/miwa/default/Miwa_Character_Card.png
miwa,,heavy,assets/sprites/miwa/miwa_heavy.png
miwa,,hurt_MISSING,assets/sprites/miwa/miwa_hurt_MISSING.txt
miwa,,idle,assets/sprites/miwa/miwa_idle.png
miwa,,jump,assets/sprites/miwa/miwa_jump.png
miwa,,ko_MISSING,assets/sprites/miwa/miwa_ko_MISSING.txt
miwa,,light,assets/sprites/miwa/miwa_light.png
miwa,,select_card,assets/select_cards/miwa_select.png
miwa,,special,assets/sprites/miwa/miwa_special.png
miwa,,walk_back_MISSING,assets/sprites/miwa/miwa_walk_back_MISSING.txt
miwa,,walk_forward_MISSING,assets/sprites/miwa/miwa_walk_forward_MISSING.txt
nico,,crouch,assets/sprites/nico/nico_crouch.png
nico,,guard,assets/sprites/nico/nico_guard.png
nico,,head_card,assets/head_cards/nico/default/Nico_Character_Card.png
nico,,heavy,assets/sprites/nico/nico_heavy.png
nico,,hurt,assets/sprites/nico/nico_hurt.png
nico,,idle,assets/sprites/nico/nico_idle.png
nico,,jump,assets/sprites/nico/nico_jump.png
nico,,ko,assets/sprites/nico/nico_ko.png
nico,,light,assets/sprites/nico/nico_light.png
nico,,select_card,assets/select_cards/nico_select.png
nico,,special,assets/sprites/nico/nico_special.png
nico,,walk_back,assets/sprites/nico/nico_walk_back.png
nico,,walk_forward,assets/sprites/nico/nico_walk_forward.png
nikki,,crouch_MISSING,assets/sprites/nikki/nikki_crouch_MISSING.txt
nikki,,guard,assets/sprites/nikki/nikki_guard.png
nikki,,head_card,assets/head_cards/nikki/default/Nikki_Character_Card.png
nikki,,heavy,assets/sprites/nikki/nikki_heavy.png
nikki,,hurt_MISSING,assets/sprites/nikki/nikki_hurt_MISSING.txt
nikki,,idle,assets/sprites/nikki/nikki_idle.png
nikki,,jump,assets/sprites/nikki/nikki_jump.png
nikki,,ko_MISSING,assets/sprites/nikki/nikki_ko_MISSING.txt
nikki,,light,assets/sprites/nikki/nikki_light.png
nikki,,select_card,assets/select_cards/nikki_select.png
nikki,,special,assets/sprites/nikki/nikki_special.png
nikki,,walk_back_MISSING,assets/sprites/nikki/nikki_walk_back_MISSING.txt
nikki,,walk_forward_MISSING,assets/sprites/nikki/nikki_walk_forward_MISSING.txt
nox_aries,,head_card,assets/head_cards/nox_aries/default/Nox_Aries_Character_Card.png
nox_aries,,select_card,assets/select_cards/nox_aries_select.png
pierre,,crouch_MISSING,assets/sprites/pierre/pierre_crouch_MISSING.txt
pierre,,guard,assets/sprites/pierre/pierre_guard.png
pierre,,head_card,assets/head_cards/pierre/default/Pierre_Character_Card.png
pierre,,heavy,assets/sprites/pierre/pierre_heavy.png
pierre,,hurt_MISSING,assets/sprites/pierre/pierre_hurt_MISSING.txt
pierre,,idle,assets/sprites/pierre/pierre_idle.png
pierre,,jump,assets/sprites/pierre/pierre_jump.png
pierre,,ko_MISSING,assets/sprites/pierre/pierre_ko_MISSING.txt
pierre,,light,assets/sprites/pierre/pierre_light.png
pierre,,select_card,assets/select_cards/pierre_select.png
pierre,,special,assets/sprites/pierre/pierre_special.png
pierre,,walk_back_MISSING,assets/sprites/pierre/pierre_walk_back_MISSING.txt
pierre,,walk_forward_MISSING,assets/sprites/pierre/pierre_walk_forward_MISSING.txt
rai,,crouch,assets/sprites/rai/rai_crouch.png
rai,,guard,assets/sprites/rai/rai_guard.png
rai,,head_card,assets/head_cards/rai/default/Rai_Character_Card.png
rai,,heavy,assets/sprites/rai/rai_heavy.png
rai,,hurt,assets/sprites/rai/rai_hurt.png
rai,,idle,assets/sprites/rai/rai_idle.png
rai,,jump,assets/sprites/rai/rai_jump.png
rai,,ko,assets/sprites/rai/rai_ko.png
rai,,light,assets/sprites/rai/rai_light.png
rai,,select_card,assets/select_cards/rai_select.png
rai,,special,assets/sprites/rai/rai_special.png
rai,,walk_back,assets/sprites/rai/rai_walk_back.png
rai,,walk_forward,assets/sprites/rai/rai_walk_forward.png
raijin,,crouch_MISSING,assets/sprites/raijin/raijin_crouch_MISSING.txt
raijin,,guard,assets/sprites/raijin/raijin_guard.png
raijin,,head_card,assets/head_cards/raijin/default/Raijin_Character_Card.png
raijin,,heavy,assets/sprites/raijin/raijin_heavy.png
raijin,,hurt_MISSING,assets/sprites/raijin/raijin_hurt_MISSING.txt
raijin,,idle,assets/sprites/raijin/raijin_idle.png
raijin,,jump,assets/sprites/raijin/raijin_jump.png
raijin,,ko_MISSING,assets/sprites/raijin/raijin_ko_MISSING.txt
raijin,,light,assets/sprites/raijin/raijin_light.png
raijin,,select_card,assets/select_cards/raijin_select.png
raijin,,special,assets/sprites/raijin/raijin_special.png
raijin,,walk_back_MISSING,assets/sprites/raijin/raijin_walk_back_MISSING.txt
raijin,,walk_forward_MISSING,assets/sprites/raijin/raijin_walk_forward_MISSING.txt
random,,head_card,assets/head_cards/random/default/Random_Character_Card.png
random,,select_card,assets/select_cards/random_select.png
rikku,,crouch_MISSING,assets/sprites/rikku/rikku_crouch_MISSING.txt
rikku,,guard,assets/sprites/rikku/rikku_guard.png
rikku,,head_card,assets/head_cards/rikku/default/Rikku_Character_Card.png
rikku,,heavy,assets/sprites/rikku/rikku_heavy.png
rikku,,hurt_MISSING,assets/sprites/rikku/rikku_hurt_MISSING.txt
rikku,,idle,assets/sprites/rikku/rikku_idle.png
rikku,,jump,assets/sprites/rikku/rikku_jump.png
rikku,,ko_MISSING,assets/sprites/rikku/rikku_ko_MISSING.txt
rikku,,light,assets/sprites/rikku/rikku_light.png
rikku,,select_card,assets/select_cards/rikku_select.png
rikku,,special,assets/sprites/rikku/rikku_special.png
rikku,,walk_back_MISSING,assets/sprites/rikku/rikku_walk_back_MISSING.txt
rikku,,walk_forward_MISSING,assets/sprites/rikku/rikku_walk_forward_MISSING.txt
roger,,head_card,assets/head_cards/roger/default/Roger_Character_Card.png
roger,,select_card,assets/select_cards/roger_select.png
rose,,crouch_MISSING,assets/sprites/rose/rose_crouch_MISSING.txt
rose,,guard,assets/sprites/rose/rose_guard.png
rose,,head_card,assets/head_cards/rose/default/Rose_Character_Card.png
rose,,heavy,assets/sprites/rose/rose_heavy.png
rose,,hurt_MISSING,assets/sprites/rose/rose_hurt_MISSING.txt
rose,,idle,assets/sprites/rose/rose_idle.png
rose,,jump,assets/sprites/rose/rose_jump.png
rose,,ko_MISSING,assets/sprites/rose/rose_ko_MISSING.txt
rose,,light,assets/sprites/rose/rose_light.png
rose,,select_card,assets/select_cards/rose_select.png
rose,,special,assets/sprites/rose/rose_special.png
rose,,walk_back_MISSING,assets/sprites/rose/rose_walk_back_MISSING.txt
rose,,walk_forward_MISSING,assets/sprites/rose/rose_walk_forward_MISSING.txt
seccla_aries,,head_card,assets/head_cards/seccla_aries/default/Seccla_Aries_Character_Card.png
seccla_aries,,select_card,assets/select_cards/seccla_aries_select.png
semuda,,crouch,assets/sprites/semuda/semuda_crouch.png
semuda,,guard,assets/sprites/semuda/semuda_guard.png
semuda,,head_card,assets/head_cards/semuda/default/Semuda_Character_Card.png
semuda,,heavy_MISSING,assets/sprites/semuda/semuda_heavy_MISSING.txt
semuda,,hurt,assets/sprites/semuda/semuda_hurt.png
semuda,,idle,assets/sprites/semuda/semuda_idle.png
semuda,,jump,assets/sprites/semuda/semuda_jump.png
semuda,,ko,assets/sprites/semuda/semuda_ko.png
semuda,,light,assets/sprites/semuda/semuda_light.png
semuda,,select_card,assets/select_cards/semuda_select.png
semuda,,source_card,assets/sprites/semuda/source_cards/semuda_10_pose_card.png
semuda,,special,assets/sprites/semuda/semuda_special.png
semuda,,walk_back,assets/sprites/semuda/semuda_walk_back.png
semuda,,walk_forward,assets/sprites/semuda/semuda_walk_forward.png
shani,,crouch,assets/sprites/shani/shani_crouch.png
shani,,guard,assets/sprites/shani/shani_guard.png
shani,,heavy,assets/sprites/shani/shani_heavy.png
shani,,hurt,assets/sprites/shani/shani_hurt.png
shani,,idle,assets/sprites/shani/shani_idle.png
shani,,jump,assets/sprites/shani/shani_jump.png
shani,,ko,assets/sprites/shani/shani_ko.png
shani,,light,assets/sprites/shani/shani_light.png
shani,,special,assets/sprites/shani/shani_special.png
shani,,walk_back,assets/sprites/shani/shani_walk_back.png
shani,,walk_forward,assets/sprites/shani/shani_walk_forward.png
shanti,,crouch,assets/sprites/shanti/shanti_crouch.png
shanti,,guard,assets/sprites/shanti/shanti_guard.png
shanti,,head_card,assets/head_cards/shanti/default/Shanti_Character_Card.png
shanti,,heavy,assets/sprites/shanti/shanti_heavy.png
shanti,,hurt,assets/sprites/shanti/shanti_hurt.png
shanti,,idle,assets/sprites/shanti/shanti_idle.png
shanti,,jump,assets/sprites/shanti/shanti_jump.png
shanti,,ko,assets/sprites/shanti/shanti_ko.png
shanti,,light,assets/sprites/shanti/shanti_light.png
shanti,,select_card,assets/select_cards/shanti_select.png
shanti,,special,assets/sprites/shanti/shanti_special.png
shanti,,walk_back,assets/sprites/shanti/shanti_walk_back.png
shanti,,walk_forward,assets/sprites/shanti/shanti_walk_forward.png
shinichi,,crouch_MISSING,assets/sprites/shinichi/shinichi_crouch_MISSING.txt
shinichi,,guard,assets/sprites/shinichi/shinichi_guard.png
shinichi,,head_card,assets/head_cards/shinichi/default/Shinichi_Character_Card.png
shinichi,,heavy,assets/sprites/shinichi/shinichi_heavy.png
shinichi,,hurt_MISSING,assets/sprites/shinichi/shinichi_hurt_MISSING.txt
shinichi,,idle,assets/sprites/shinichi/shinichi_idle.png
shinichi,,jump,assets/sprites/shinichi/shinichi_jump.png
shinichi,,ko_MISSING,assets/sprites/shinichi/shinichi_ko_MISSING.txt
shinichi,,light,assets/sprites/shinichi/shinichi_light.png
shinichi,,select_card,assets/select_cards/shinichi_select.png
shinichi,,special,assets/sprites/shinichi/shinichi_special.png
shinichi,,walk_back_MISSING,assets/sprites/shinichi/shinichi_walk_back_MISSING.txt
shinichi,,walk_forward_MISSING,assets/sprites/shinichi/shinichi_walk_forward_MISSING.txt
tenagnisha,,head_card,assets/head_cards/tenagnisha/default/Tenagnisha_Character_Card.png
tenagnisha,,select_card,assets/select_cards/tenagnisha_select.png
tenganisha,,crouch,assets/sprites/tenganisha/tenganisha_crouch.png
tenganisha,,guard,assets/sprites/tenganisha/tenganisha_guard.png
tenganisha,,head_card,assets/head_cards/tenganisha/default/Tenganisha_Character_Card.png
tenganisha,,heavy_MISSING,assets/sprites/tenganisha/tenganisha_heavy_MISSING.txt
tenganisha,,hurt,assets/sprites/tenganisha/tenganisha_hurt.png
tenganisha,,idle,assets/sprites/tenganisha/tenganisha_idle.png
tenganisha,,jump,assets/sprites/tenganisha/tenganisha_jump.png
tenganisha,,ko,assets/sprites/tenganisha/tenganisha_ko.png
tenganisha,,light,assets/sprites/tenganisha/tenganisha_light.png
tenganisha,,select_card,assets/select_cards/tenganisha_select.png
tenganisha,,source_card,assets/sprites/tenganisha/source_cards/tenganisha_10_pose_card.png
tenganisha,,special,assets/sprites/tenganisha/tenganisha_special.png
tenganisha,,walk_back,assets/sprites/tenganisha/tenganisha_walk_back.png
tenganisha,,walk_forward,assets/sprites/tenganisha/tenganisha_walk_forward.png
training_dummy_shadow,,crouch,assets/sprites/training_dummy_shadow/training_dummy_shadow_crouch.png
training_dummy_shadow,,guard,assets/sprites/training_dummy_shadow/training_dummy_shadow_guard.png
training_dummy_shadow,,heavy,assets/sprites/training_dummy_shadow/training_dummy_shadow_heavy.png
training_dummy_shadow,,hurt,assets/sprites/training_dummy_shadow/training_dummy_shadow_hurt.png
training_dummy_shadow,,idle,assets/sprites/training_dummy_shadow/training_dummy_shadow_idle.png
training_dummy_shadow,,jump,assets/sprites/training_dummy_shadow/training_dummy_shadow_jump.png
training_dummy_shadow,,ko,assets/sprites/training_dummy_shadow/training_dummy_shadow_ko.png
training_dummy_shadow,,light,assets/sprites/training_dummy_shadow/training_dummy_shadow_light.png
training_dummy_shadow,,source_card,assets/sprites/training_dummy_shadow/source_cards/training_dummy_shadow_10_pose_card.png
training_dummy_shadow,,special_MISSING,assets/sprites/training_dummy_shadow/training_dummy_shadow_special_MISSING.txt
training_dummy_shadow,,walk_back,assets/sprites/training_dummy_shadow/training_dummy_shadow_walk_back.png
training_dummy_shadow,,walk_forward,assets/sprites/training_dummy_shadow/training_dummy_shadow_walk_forward.png
yuta,,crouch_MISSING,assets/sprites/yuta/yuta_crouch_MISSING.txt
yuta,,guard,assets/sprites/yuta/yuta_guard.png
yuta,,head_card,assets/head_cards/yuta/default/Yuta_Character_Card.png
yuta,,heavy,assets/sprites/yuta/yuta_heavy.png
yuta,,hurt_MISSING,assets/sprites/yuta/yuta_hurt_MISSING.txt
yuta,,idle,assets/sprites/yuta/yuta_idle.png
yuta,,jump,assets/sprites/yuta/yuta_jump.png
yuta,,ko_MISSING,assets/sprites/yuta/yuta_ko_MISSING.txt
yuta,,light,assets/sprites/yuta/yuta_light.png
yuta,,select_card,assets/select_cards/yuta_select.png
yuta,,special,assets/sprites/yuta/yuta_special.png
yuta,,walk_back_MISSING,assets/sprites/yuta/yuta_walk_back_MISSING.txt
yuta,,walk_forward_MISSING,assets/sprites/yuta/yuta_walk_forward_MISSING.txt
